//********* Available regions: **************************************
//Northeast
//Southwest
//West
//Southeast
//Midwest

{
  "dealers": [
    //*********************** DEALERINSPIRE **********************************************
    //BMW
    {
      "make": "BMW",
      "name": "BMW of Springfield",
      "url": "https://www.bmwofspringfieldnj.com",
      "dealertype": "DealerInspire",
      "region": "Northeast"
    },
    {
      "make": "BMW",
      "name": "BMW of Tenafly",
      "url": "https://www.bmwoftenafly.com",
      "dealertype": "DealerInspire",
      "region": "Northeast"
    },

    {
      "make": "BMW",
      "name": "BMW of Turnersville",
      "url": "https://www.bmwofturnersville.com",
      "dealertype": "DealerInspire",
      "region": "Northeast"
    },
    {
      "make": "BMW",
      "name": "BMW of Atlantic City",
      "url": "https://www.bmwatlanticcity.com",
      "dealertype": "DealerInspire",
      "region": "Northeast"
    },
    {
      "make": "BMW",
      "name": "BMW of Greenwich",
      "url": "https://www.bmwofgreenwich.com",
      "dealertype": "DealerInspire",
      "region": "Northeast"
    },
    {
      "make": "BMW",
      "name": "Continental BMW of Darien",
      "url": "https://www.bmwdarien.com",
      "dealertype": "DealerInspire",
      "region": "Northeast"
    },
    {
      "make": "BMW",
      "name": "BMW of Ridgefield",
      "url": "https://www.bmwofridgefield.com",
      "dealertype": "DealerInspire",
      "region": "Northeast"
    },
    {
      "make": "BMW",
      "name": "BMW of Bridgeport",
      "url": "https://www.bmwofbridgeport.com",
      "dealertype": "DealerInspire",
      "region": "Northeast"
    },
    {
      "make": "BMW",
      "name": "BMW of North Haven",
      "url": "https://www.bmwofnorthhaven.com",
      "dealertype": "DealerInspire",
      "region": "Northeast"
    },
    {
      "make": "BMW",
      "name": "Otto's BMW",
      "url": "https://www.ottosbmw.com",
      "dealertype": "DealerInspire",
      "region": "Northeast"
    },
    {
      "make": "BMW",
      "name": "Century West BMW",
      "url": "https://www.centurywestbmw.com",
      "dealertype": "DealerInspire",
      "region": "Northeast"
    },
    {
      "make": "BMW",
      "name": "Bob Smith BMW",
      "url": "https://www.bobsmithbmw.com",
      "dealertype": "DealerInspire",
      "region": "West"
    },
    {
      "make": "BMW",
      "name": "Rusnak BMW",
      "url": "https://www.rusnakbmw.com",
      "dealertype": "DealerInspire",
      "region": "West"
    },
    {
      "make": "BMW",
      "name": "Crevier BMW",
      "url": "https://www.crevierbmw.com",
      "dealertype": "DealerInspire",
      "region": "West"
    },
    {
      "make": "BMW",
      "name": "BMW of Ontario",
      "url": "https://www.bmwofontario.com",
      "dealertype": "DealerInspire",
      "region": "West"
    },
    {
      "make": "BMW",
      "name": "BMW of Murrieta",
      "url": "https://www.bmwofmurrieta.com",
      "dealertype": "DealerInspire",
      "region": "West"
    },
    {
      "make": "BMW",
      "name": "BMW Santa Barbara",
      "url": "https://www.bmwsantabarbara.com",
      "dealertype": "DealerInspire",
      "region": "West"
    },
    {
      "make": "BMW",
      "name": "BMW of Escondido",
      "url": "https://www.bmwofescondido.com",
      "dealertype": "DealerInspire",
      "region": "West"
    },
    {
      "make": "BMW",
      "name": "BMW of San Diego",
      "url": "https://www.bmwofsandiego.com",
      "dealertype": "DealerInspire",
      "region": "West"
    },
    {
      "make": "BMW",
      "name": "BMW Fresno",
      "url": "https://www.bmwfresno.com",
      "dealertype": "DealerInspire",
      "region": "West"
    },
    //TODO: check Pacific BMW further, not returning any results
    {
      "make": "BMW",
      "name": "Pacific BMW",
      "url": "https://www.pacificbmw.com",
      "dealertype": "DealerInspire",
      "region": "West"
    },

    //Mercedes-Benz
    {
      "make": "Mercedes-Benz",
      "name": "Mercedes-Benz of Edison",
      "url": "https://www.raycatenaedison.com",
      "dealertype": "DealerInspire",
      "region": "Northeast"
    },
    {
      "make": "Mercedes-Benz",
      "name": "Keenan Motors",
      "url": "https://www.keenanmercedes.com",
      "dealertype": "DealerInspire",
      "region": "Northeast"
    },
    {
      "make": "Mercedes-Benz",
      "name": "Mercedes Benz of Ontario",
      "url": "https://www.mbontario.com",
      "dealertype": "DealerInspire",
      "region": "West"
    },
    {
      "make": "Mercedes-Benz",
      "name": "Mercedes-Benz of Massapequa",
      "url": "https://www.mbofmassapequa.com",
      "dealertype": "DealerInspire",
      "region": "Northeast"
    },
    {
      "make": "Mercedes-Benz",
      "name": "Mercedes-Benz of Manhattan",
      "url": "https://www.mbmanhattan.com",
      "dealertype": "DealerInspire",
      "region": "Northeast"
    },

    //Land Rover
    {
      "make": "Land Rover",
      "name": "Land Rover West Chester",
      "url": "https://www.landroverwestchester.com",
      "dealertype": "DealerInspire",
      "region": "Northeast"
    },
    {
      "make": "Land Rover",
      "name": "Land Rover North Scottsdale",
      "url": "https://www.landrovernorthscottsdale.com",
      "dealertype": "DealerInspire",
      "region": "Southwest"
    },
    {
      "make": "Land Rover",
      "name": "Land Rover Monmouth",
      "url": "https://www.landrovermonmouth.com",
      "dealertype": "DealerInspire",
      "region": "Northeast"
    },
    {
      "make": "Land Rover",
      "name": "Land Rover Edison",
      "url": "https://www.landroveredison.com",
      "dealertype": "DealerInspire",
      "region": "Northeast"
    },
    {
      "make": "Land Rover",
      "name": "Land Rover Paramus",
      "url": "https://www.landroverparamus.com",
      "dealertype": "DealerInspire",
      "region": "Northeast"
    },
    {
      "make": "Land Rover",
      "name": "Land Rover Princeton",
      "url": "https://www.princetonlandrover.com",
      "dealertype": "DealerInspire",
      "region": "Northeast"
    },
    {
      "make": "Land Rover",
      "name": "Ray Catena Land Rover Marlboro",
      "url": "https://www.landrovermarlboro.com",
      "dealertype": "DealerInspire",
      "region": "Northeast"
    },
    {
      "make": "Land Rover",
      "name": "Land Rover Englewood",
      "url": "https://www.landroverenglewood.com",
      "dealertype": "DealerInspire",
      "region": "Northeast"
    },
    {
      "make": "Land Rover",
      "name": "Land Rover Wilmington",
      "url": "https://www.landroverwilmington.com",
      "dealertype": "DealerInspire",
      "region": "Northeast"
    },
    {
      "make": "Land Rover",
      "name": "Land Rover Las Vegas",
      "url": "https://www.lrlv.com",
      "dealertype": "DealerInspire",
      "region": "West"
    },
    {
      "make": "Land Rover",
      "name": "Land Rover Manhattan",
      "url": "https://www.landrovermanhattan.com",
      "dealertype": "DealerInspire",
      "region": "Northeast"
    },
    {
      "make": "Land Rover",
      "name": "Land Rover Freeport",
      "url": "https://www.landroverfreeport.com",
      "dealertype": "DealerInspire",
      "region": "Northeast"
    },
    {
      "make": "Land Rover",
      "name": "Hornburg Land Rover Los Angeles",
      "url": "https://www.hornburglandroverla.com",
      "dealertype": "DealerInspire",
      "region": "West"
    },
    {
      "make": "Land Rover",
      "name": "Land Rover Mission Viejo",
      "url": "https://www.landrovermissionviejo.com",
      "dealertype": "DealerInspire",
      "region": "West"
    },
    {
      "make": "Land Rover",
      "name": "Land Rover Newport Beach",
      "url": "https://www.landrovernewportbeach.com",
      "dealertype": "DealerInspire",
      "region": "West"
    },
    {
      "make": "Land Rover",
      "name": "Land Rover Anaheim Hills",
      "url": "https://www.landroveranaheimhills.com",
      "dealertype": "DealerInspire",
      "region": "West"
    },
    {
      "make": "Land Rover",
      "name": "Cole European Land Rover",
      "url": "https://www.colelandrover.com",
      "dealertype": "DealerInspire",
      "region": "West"
    },
    {
      "make": "Land Rover",
      "name": "Land Rover San Diego",
      "url": "https://www.landroversandiego.com",
      "dealertype": "DealerInspire",
      "region": "West"
    },
    {
      "make": "Land Rover",
      "name": "Land Rover Santa Monica",
      "url": "https://www.landroversantamonica.com",
      "dealertype": "DealerInspire",
      "region": "West"
    },


    //*********************** DEALERON **********************************************
    {
      "make": "BMW",
      "name": "Flemington BMW",
      "url": "https://www.flemingtonbmw.com",
      "dealertype": "DealerOn",
      "region": "Northeast"
    },
    {
      "make": "BMW",
      "name": "BMW of Edison",
      "url": "https://www.bmwedison.com",
      "dealertype": "DealerOn",
      "region": "Northeast"
    },
    {
      "make": "BMW",
      "name": "BMW of Hudson Valley",
      "url": "https://www.bmwhudsonvalley.com/",
      "dealertype": "DealerOn",
      "region": "Northeast"
    },
    {
      "make": "BMW",
      "name": "Morristown BMW",
      "url": "https://www.morristownbmw.com",
      "dealertype": "DealerOn",
      "region": "Northeast"
    },
    {
      "make": "BMW",
      "name": "BMW of Roxbury",
      "url": "https://www.bmwrox.com",
      "dealertype": "DealerOn",
      "region": "Northeast"
    },
    {
      "make": "BMW",
      "name": "BMW of Newton",
      "url": "https://www.bmwnewton.com",
      "dealertype": "DealerOn",
      "region": "Northeast"
    },
    {
      "make": "BMW",
      "name": "BMW of Bakersfield",
      "url": "https://www.bmwofbakersfield.com",
      "dealertype": "DealerOn",
      "region": "West"
    },
    {
      "make": "BMW",
      "name": "BMW Palm Springs",
      "url": "https://www.bmwpalmsprings.com",
      "dealertype": "DealerOn",
      "region": "West"
    },

    //Mercedes Benz
    {
      "make": "Mercedes-Benz",
      "name": "Mercedes-Benz of Caldwell",
      "url": "https://www.mbofcaldwell.com",
      "dealertype": "DealerOn",
      "region": "Northeast"
    },
    {
      "make": "Mercedes-Benz",
      "name": "Open Road of Bridgewater",
      "url": "https://www.openroadmercedesbenz.com",
      "dealertype": "DealerOn",
      "region": "Northeast"
    },

    //Toyota
    {
      "make": "Toyota",
      "name": "Bay Ridge Toyota",
      "url": "https://www.bayridgetoyota.com",
      "dealertype": "DealerOn",
      "region": "Northeast"
    },
    {
      "make": "Toyota",
      "name": "Town Toyota",
      "url": "https://www.towntoyota.com",
      "dealertype": "DealerOn",
      "region": "West"
    },
    {
      "make": "Toyota",
      "name": "Vancouver Toyota",
      "url": "https://www.vancouvertoyota.com",
      "dealertype": "DealerOn",
      "region": "West"
    },
    {
      "make": "Toyota",
      "name": "Toyota Of Olympia",
      "url": "https://www.toyotaofolympia.com",
      "dealertype": "DealerOn",
      "region": "West"
    },
    {
      "make": "Toyota",
      "name": "Burien Toyota",
      "url": "https://www.burientoyota.com",
      "dealertype": "DealerOn",
      "region": "West"
    },
    {
      "make": "Toyota",
      "name": "Beaverton Toyota",
      "url": "https://www.beavertontoyota.com",
      "dealertype": "DealerOn",
      "region": "West"
    },
    {
      "make": "Toyota",
      "name": "Chuck Patterson Toyota",
      "url": "https://www.chuckpattersontoyota.net",
      "dealertype": "DealerOn",
      "region": "West"
    },
    {
      "make": "Toyota",
      "name": "Thompsons Toyota",
      "url": "https://www.thompsonstoyota.com",
      "dealertype": "DealerOn",
      "region": "West"
    },
    {
      "make": "Toyota",
      "name": "Roseville Toyota",
      "url": "https://www.rosevilletoyota.com",
      "dealertype": "DealerOn",
      "region": "West"
    },


    //Nissan
    {
      "make": "Nissan",
      "name": "Loughead Nissan",
      "url": "https://www.lougheadnissan.com",
      "dealertype": "DealerOn",
      "region": "Northeast"
    },
    {
      "make": "Nissan",
      "name": "Girard Nissan",
      "url": "https://www.girardnissan.com",
      "dealertype": "DealerOn",
      "region": "Northeast"
    },
    {
      "make": "Nissan",
      "name": "I-90 Nissan",
      "url": "https://www.bignissani90.com",
      "dealertype": "DealerOn",
      "region": "Midwest"
    },
    {
      "make": "Nissan",
      "name": "Gainesville Nissan",
      "url": "https://www.gainesvillenissan.com",
      "dealertype": "DealerOn",
      "region": "Southeast"
    },
    {
      "make": "Nissan",
      "name": "Wallace Nissan",
      "url": "https://www.wallacenissanofstuart.com",
      "dealertype": "DealerOn",
      "region": "Southeast"
    },
    {
      "make": "Nissan",
      "name": "Rothrock Nissan",
      "url": "https://www.rothrocknissan.com",
      "dealertype": "DealerOn",
      "region": "Northeast"
    },
    {
      "make": "Nissan",
      "name": "Moses Auto Group",
      "url": "https://www.mosescars.com",
      "dealertype": "DealerOn",
      "region": "Southeast"
    },
    {
      "make": "Nissan",
      "name": "Antwerpen Nissan Owings Mills",
      "url": "https://www.antwerpennissanowingsmills.com",
      "dealertype": "DealerOn",
      "region": "Northeast"
    },
    {
      "make": "Nissan",
      "name": "Montrose Nissan of Hermitage",
      "url": "https://www.montrose-nissan.com",
      "dealertype": "DealerOn",
      "region": "Northeast"
    },
    {
      "make": "Nissan",
      "name": "Clay Cooley Nissan Dallas",
      "url": "https://www.claycooleynissan.com",
      "dealertype": "DealerOn",
      "region": "Southwest"
    },
    {
      "make": "Nissan",
      "name": "Nissan of Greer",
      "url": "https://www.greernissan.com",
      "dealertype": "DealerOn",
      "region": "Southeast"
    },

    //Honda
    {
      "make": "Honda",
      "name": "Honda Village",
      "url": "https://www.hondavillage.com",
      "dealertype": "DealerOn",
      "region": "Northeast"
    },

    //Kia
    {
      "make": "Kia",
      "name": "Nutley Auto Kia",
      "url": "https://www.nutleykia.net",
      "dealertype": "DealerOn",
      "region": "Northeast"
    },


    //Ford
    {
      "make": "Ford",
      "name": "Carmody Ford",
      "url": "https://www.carmodyford.com",
      "dealertype": "DealerOn",
      "region": "Northeast"
    },

    {
      "make": "Ford",
      "name": "Tunkhannock Ford",
      "url": "https://www.tunkhannockfordpa.com",
      "dealertype": "DealerOn",
      "region": "Northeast"
    },

    //Acura
    {
      "make": "Acura",
      "name": "Acura of East Brunswick",
      "url": "https://www.openroadacuraofeastbrunswick.com",
      "dealertype": "DealerOn",
      "region": "Northeast"
    },
    {
      "make": "Acura",
      "name": "Antonino Acura",
      "url": "https://www.antoninoacura.com",
      "dealertype": "DealerOn",
      "region": "Northeast"
    },
    {
      "make": "Acura",
      "name": "McDaniels Acura",
      "url": "https://www.mcdanielsacura.net",
      "dealertype": "DealerOn",
      "region": "Southeast"
    },
    {
      "make": "Acura",
      "name": "Jerry Damson Acura",
      "url": "https://www.jerrydamsonacura.com",
      "dealertype": "DealerOn",
      "region": "Southeast"
    },
    {
      "make": "Acura",
      "name": "Acura at Oxmoor",
      "url": "https://www.acuraatoxmoor.com",
      "dealertype": "DealerOn",
      "region": "Southeast"
    },
    {
      "make": "Acura",
      "name": "LeithCars.com",
      "url": "https://www.leithcars.com",
      "dealertype": "DealerOn",
      "region": "Southeast"
    },
    {
      "make": "Acura",
      "name": "Shearer Acura",
      "url": "https://www.sheareracura.com",
      "dealertype": "DealerOn",
      "region": "Northeast"
    },
    {
      "make": "Acura",
      "name": "Zimbrick Acura",
      "url": "https://www.zimbrickacura.com",
      "dealertype": "DealerOn",
      "region": "Midwest"
    },
    {
      "make": "Acura",
      "name": "Chevy Chase Acura",
      "url": "https://www.chevychaseacura.com",
      "dealertype": "DealerOn",
      "region": "Northeast"
    },
    {
      "make": "Acura",
      "name": "Cerritos Acura",
      "url": "https://www.cerritosacura.com",
      "dealertype": "DealerOn",
      "region": "West"
    },
    {
      "make": "Acura",
      "name": "Montgomeryville Acura",
      "url": "https://www.montgomeryvilleacura.com",
      "dealertype": "DealerOn",
      "region": "Northeast"
    },
    {
      "make": "Acura",
      "name": "Acura of Augusta",
      "url": "https://www.acuraofaugusta.com",
      "dealertype": "DealerOn",
      "region": "Southeast"
    },
    {
      "make": "Acura",
      "name": "Esserman Acura",
      "url": "https://www.essermanacura.com",
      "dealertype": "DealerOn",
      "region": "Southeast"
    },

    //Lexus
    {
      "make": "Lexus",
      "name": "Lexus of Thousand Oaks",
      "url": "https://www.lexusofthousandoaks.com",
      "dealertype": "DealerOn",
      "region": "West"
    },
    {
      "make": "Lexus",
      "name": "Metro Lexus",
      "url": "https://www.metrolexus.com",
      "dealertype": "DealerOn",
      "region": "Midwest"
    },
    {
      "make": "Lexus",
      "name": "Longo Lexus",
      "url": "https://www.longolexus.com",
      "dealertype": "DealerOn",
      "region": "West"
    },
    {
      "make": "Lexus",
      "name": "Lexus Stevens Creek",
      "url": "https://www.longolexus.com",
      "dealertype": "DealerOn",
      "region": "West"
    },
    {
      "make": "Lexus",
      "name": "Scanlon Lexus of Fort Myers",
      "url": "https://www.lexusoffortmyers.com",
      "dealertype": "DealerOn",
      "region": "Southeast"
    },
    {
      "make": "Lexus",
      "name": "Lexus of Lehigh Valley",
      "url": "https://www.lexusoflehighvalley.com",
      "dealertype": "DealerOn",
      "region": "Northeast"
    },
    {
      "make": "Lexus",
      "name": "Lexus of Edison",
      "url": "https://www.lexusofedison.com",
      "dealertype": "DealerOn",
      "region": "Northeast"
    },
    {
      "make": "Lexus",
      "name": "Lexus of Bridgewater",
      "url": "https://www.lexusofbridgewater.com",
      "dealertype": "DealerOn",
      "region": "Northeast"
    },
    {
      "make": "Lexus",
      "name": "Sheehy Lexus of Annapolis",
      "url": "https://www.sheehylexusofannapolis.com",
      "dealertype": "DealerOn",
      "region": "Northeast"
    },
    {
      "make": "Lexus",
      "name": "Lexus of Mt. Kisco",
      "url": "https://www.lexusofmtkisco.com",
      "dealertype": "DealerOn",
      "region": "Northeast"
    },
    {
      "make": "Lexus",
      "name": "Lexus of Greenwich",
      "url": "https://www.lexusofgreenwich.com",
      "dealertype": "DealerOn",
      "region": "Northeast"
    },
    {
      "make": "Lexus",
      "name": "JM Lexus",
      "url": "https://www.jmlexus.com",
      "dealertype": "DealerOn",
      "region": "Southeast"
    },
    {
      "make": "Lexus",
      "name": "Lindsay Lexus of Alexandria",
      "url": "https://www.lindsaycars.com",
      "dealertype": "DealerOn",
      "region": "Southeast"
    },
    {
      "make": "Lexus",
      "name": "Lexus of Huntsville",
      "url": "https://www.lexusofhuntsville.com",
      "dealertype": "DealerOn",
      "region": "Southeast"
    },
    {
      "make": "Lexus",
      "name": "Lexus of Louisville",
      "url": "https://www.lexusoflouisville.com",
      "dealertype": "DealerOn",
      "region": "Southeast"
    },
    {
      "make": "Lexus",
      "name": "Berlin City Lexus of Portland",
      "url": "https://www.berlincitylexus.com",
      "dealertype": "DealerOn",
      "region": "Northeast"
    },
    {
      "make": "Lexus",
      "name": "Lexus of Knoxville",
      "url": "https://www.lexusofknoxville.com",
      "dealertype": "DealerOn",
      "region": "Southeast"
    },
    {
      "make": "Lexus",
      "name": "Lexus of Melbourne",
      "url": "https://www.lexusofmelbourne.com",
      "dealertype": "DealerOn",
      "region": "Southeast"
    },
    {
      "make": "Lexus",
      "name": "Lexus Virginia Beach",
      "url": "https://www.charlesbarkerlexusvirginiabeach.com",
      "dealertype": "DealerOn",
      "region": "Southeast"
    },

    //Mazda
    {
      "make": "Mazda",
      "name": "Grappone Mazda",
      "url": "https://www.grapponemazda.com",
      "dealertype": "DealerOn",
      "region": "Northeast"
    },
    {
      "make": "Mazda",
      "name": "Wallace Mazda of Stuart",
      "url": "https://www.wallacemazdaofstuart.com",
      "dealertype": "DealerOn",
      "region": "Southeast"
    },
    {
      "make": "Mazda",
      "name": "Bountiful Mazda",
      "url": "https://www.bountifulmazda.com",
      "dealertype": "DealerOn",
      "region": "West"
    },
    {
      "make": "Mazda",
      "name": "Parkway Family Mazda",
      "url": "https://www.parkwayfamilymazda.com",
      "dealertype": "DealerOn",
      "region": "South"
    },
    {
      "make": "Mazda",
      "name": "Orem Mazda",
      "url": "https://www.oremmazda.com",
      "dealertype": "DealerOn",
      "region": "West"
    },
    {
      "make": "Mazda",
      "name": "Velocity Mazda",
      "url": "https://www.velocitymazda.com",
      "dealertype": "DealerOn",
      "region": "South"
    },
    {
      "make": "Mazda",
      "name": "Acadiana Mazda",
      "url": "https://www.acadianamazda.com",
      "dealertype": "DealerOn",
      "region": "Southeast"
    },
    {
      "make": "Mazda",
      "name": "Panama City Mazda",
      "url": "https://www.panamacitymazda.com",
      "dealertype": "DealerOn",
      "region": "Southeast"
    },
    {
      "make": "Mazda",
      "name": "Joe Maus Mazda",
      "url": "https://www.joemausmazda.com",
      "dealertype": "DealerOn",
      "region": "Southeast"
    },
    {
      "make": "Mazda",
      "name": "Passport Mazda",
      "url": "https://www.passportauto.com",
      "dealertype": "DealerOn",
      "region": "Northeast"
    },
    {
      "make": "Mazda",
      "name": "Oak Lawn Mazda",
      "url": "https://www.oaklawnmazda.com",
      "dealertype": "DealerOn",
      "region": "Midwest"
    },
    {
      "make": "Mazda",
      "name": "Wyatt Johnson Mazda",
      "url": "https://www.wyattjohnsonmazda.com",
      "dealertype": "DealerOn",
      "region": "Southeast"
    },
    {
      "make": "Mazda",
      "name": "Ingram Park Mazda",
      "url": "https://www.ingramparkmazda.com",
      "dealertype": "DealerOn",
      "region": "South"
    },
    {
      "make": "Mazda",
      "name": "Open Road Mazda of Morristown",
      "url": "https://www.openroadmazdaofmorristown.com",
      "dealertype": "DealerOn",
      "region": "Northeast"
    },

    //Infiniti
    {
      "make": "INFINITI",
      "name": "INFINITI of Coconut Creek",
      "url": "https://www.infinitiofcoconutcreek.com",
      "dealertype": "DealerOn",
      "region": "Southeast"
    },
    {
      "make": "INFINITI",
      "name": "Kelly INFINITI",
      "url": "https://www.kellyinfiniti.com",
      "dealertype": "DealerOn",
      "region": "Northeast"
    },
    {
      "make": "INFINITI",
      "name": "Harper INFINITI",
      "url": "https://www.harperinfiniti.com",
      "dealertype": "DealerOn",
      "region": "Southeast"
    },
    {
      "make": "INFINITI",
      "name": "Greenwich INFINITI",
      "url": "https://www.greenwichinfiniti.com",
      "dealertype": "DealerOn",
      "region": "Northeast"
    },
    {
      "make": "INFINITI",
      "name": "INFINITI of Winston-Salem",
      "url": "https://www.moderninfinitiofwinstonsalem.com",
      "dealertype": "DealerOn",
      "region": "Southeast"
    },
    {
      "make": "INFINITI",
      "name": "Nationwide INFINITI of Timonium",
      "url": "https://www.nationwideinfiniti.com",
      "dealertype": "DealerOn",
      "region": "Northeast"
    },
    {
      "make": "INFINITI",
      "name": "Priority INFINITI of Greenbrier",
      "url": "https://www.priorityinfiniti.com",
      "dealertype": "DealerOn",
      "region": "Southeast"
    },
    {
      "make": "INFINITI",
      "name": "Fort Myers INFINITI",
      "url": "https://www.fortmyersinfiniti.com",
      "dealertype": "DealerOn",
      "region": "Southeast"
    },
    {
      "make": "INFINITI",
      "name": "INFINITI of Silver Spring",
      "url": "https://www.infinitiofsilverspring.com",
      "dealertype": "DealerOn",
      "region": "Northeast"
    },
    {
      "make": "INFINITI",
      "name": "Passport Auto Group",
      "url": "https://www.passportauto.com",
      "dealertype": "DealerOn",
      "region": "Southeast"
    },
    {
      "make": "INFINITI",
      "name": "Sheehy INFINITI of Annapolis",
      "url": "https://www.sheehyinfiniti.com",
      "dealertype": "DealerOn",
      "region": "Northeast"
    },

    //Volkswagen
    {
      "make": "Volkswagen",
      "name": "Andy Mohr Volkswagen",
      "url": "https://www.andymohrvw.com",
      "dealertype": "DealerOn",
      "region": "Midwest"
    },
    {
      "make": "Volkswagen",
      "name": "Volkswagen of Hartford",
      "url": "https://www.vwofhartford.com",
      "dealertype": "DealerOn",
      "region": "Northeast"
    },
    {
      "make": "Volkswagen",
      "name": "Flemington Volkswagen",
      "url": "https://www.flemingtonvw.com",
      "dealertype": "DealerOn",
      "region": "Northeast"
    },
    {
      "make": "Volkswagen",
      "name": "Lewisville Volkswagen",
      "url": "https://www.lewisvillevw.com",
      "dealertype": "DealerOn",
      "region": "Southwest"
    },
    {
      "make": "Volkswagen",
      "name": "Hamilton Volkswagen",
      "url": "https://www.hamiltonvw.net",
      "dealertype": "DealerOn",
      "region": "Northeast"
    },
    {
      "make": "Volkswagen",
      "name": "Shearer Volkswagen of South Burlington",
      "url": "https://www.shearervw.com",
      "dealertype": "DealerOn",
      "region": "Northeast"
    },
    {
      "make": "Volkswagen",
      "name": "Volkswagen of Naples",
      "url": "https://www.vwofnaples.com",
      "dealertype": "DealerOn",
      "region": "Southeast"
    },
    {
      "make": "Volkswagen",
      "name": "Reydel Volkswagen",
      "url": "https://www.reydelvw.com",
      "dealertype": "DealerOn",
      "region": "Northeast"
    },
    {
      "make": "Volkswagen",
      "name": "Volkswagen of Ocala",
      "url": "https://www.vwofocala.com",
      "dealertype": "DealerOn",
      "region": "Southeast"
    },
    {
      "make": "Volkswagen",
      "name": "Shrewsbury Volkswagen",
      "url": "https://www.shrewsburyvw.com",
      "dealertype": "DealerOn",
      "region": "Northeast"
    },
    {
      "make": "Volkswagen",
      "name": "Open Road Auto Group",
      "url": "https://www.openroad.com",
      "dealertype": "DealerOn",
      "region": "Northeast"
    },




    //******************************** DEALER COM *********************************************
    //TODO: Sonic Automotive is huge, add all makes that they offer
    //GMC
    {
      "make": "GMC",
      "name": "Ramey Auto Group",
      "url": "https://www.rameycars.com",
      "dealertype": "DealerCom",
      "region": "Southeast"
    },

    //Chevy
    {
      "make": "Chevrolet",
      "name": "Ramey Auto Group",
      "url": "https://www.rameycars.com",
      "dealertype": "DealerCom",
      "region": "Southeast"
    },
    {
      "make": "Chevrolet",
      "name": "Sonic Automotive",
      "url": "https://www.sonicautomotive.com",
      "dealertype": "DealerCom",
      "region": "All"
    },

    //Toyota
    {
      "make": "Toyota",
      "name": "Ramey Auto Group",
      "url": "https://www.rameycars.com",
      "dealertype": "DealerCom",
      "region": "Southeast"
    },
    {
      "make": "Toyota",
      "name": "AutoNation Toyota Spokane Valley",
      "url": "https://www.autonationtoyotaspokanevalley.com",
      "dealertype": "DealerCom",
      "region": "West"
    },
    {
      "make": "Toyota",
      "name": "Lithia Toyota Of Medford",
      "url": "https://www.lithiatoyotamedford.com",
      "dealertype": "DealerCom",
      "region": "West"
    },
    {
      "make": "Toyota",
      "name": "klamath Falls Toyota",
      "url": "https://www.klamathfallstoyota.com",
      "dealertype": "DealerCom",
      "region": "West"
    },
    {
      "make": "Toyota",
      "name": "Steve's Hometown Toyota",
      "url": "https://www.hometowntoyota.com",
      "dealertype": "DealerCom",
      "region": "West"
    },
    {
      "make": "Toyota",
      "name": "Lithia Toyota of Redding",
      "url": "https://www.lithiatoyotaredding.com",
      "dealertype": "DealerCom",
      "region": "West"
    },
    {
      "make": "Toyota",
      "name": "Toyota of Turnersville",
      "url": "https://www.toyotaofturnersville.com",
      "dealertype": "DealerCom",
      "region": "Northeast"
    },
    {
      "make": "Toyota",
      "name": "Sloane Toyota of Malvern",
      "url": "https://www.sloanetoyotamalvern.com",
      "dealertype": "DealerCom",
      "region": "Northeast"
    },
    {
      "make": "Toyota",
      "name": "Conicelli Toyota of Conshohocken",
      "url": "https://www.conicellitoyotaofconshohocken.com",
      "dealertype": "DealerCom",
      "region": "Northeast"
    },
    {
      "make": "Toyota",
      "name": "Sloane Toyota of Glenside",
      "url": "https://www.sloanetoyotaglenside.com",
      "dealertype": "DealerCom",
      "region": "Northeast"
    },

    //Dodge
    {
      "make": "Dodge",
      "name": "Ramey Auto Group",
      "url": "https://www.rameycars.com",
      "dealertype": "DealerCom",
      "region": "Southeast"
    },
    {
      "make": "Dodge",
      "name": "Sansone Jeep",
      "url": "https://www.sansonejeep.net",
      "dealertype": "DealerCom",
      "region": "Northeast"
    },
    {
      "make": "Dodge",
      "name": "Route 18 Auto",
      "url": "https://www.rt18cjdr.com",
      "dealertype": "DealerCom",
      "region": "Northeast"
    },
    {
      "make": "Dodge",
      "name": "Buhler Hazlet",
      "url": "https://www.buhlerbitter.com",
      "dealertype": "DealerCom",
      "region": "Northeast"
    },

    //Jeep
    {
      "make": "Jeep",
      "name": "Sansone Jeep",
      "url": "https://www.sansonejeep.net",
      "dealertype": "DealerCom",
      "region": "Northeast"
    },
    {
      "make": "Jeep",
      "name": "Route 18 Auto",
      "url": "https://www.rt18cjdr.com",
      "dealertype": "DealerCom",
      "region": "Northeast"
    },
    {
      "make": "Jeep",
      "name": "Buhler Hazlet",
      "url": "https://www.buhlerbitter.com",
      "dealertype": "DealerCom",
      "region": "Northeast"
    },

    //Chrysler
    {
      "make": "Chrysler",
      "name": "Sansone Jeep",
      "url": "https://www.sansonejeep.net",
      "dealertype": "DealerCom",
      "region": "Northeast"
    },
    {
      "make": "Chrysler",
      "name": "Route 18 Auto",
      "url": "https://www.rt18cjdr.com",
      "dealertype": "DealerCom",
      "region": "Northeast"
    },
    {
      "make": "Chrysler",
      "name": "Buhler Hazlet",
      "url": "https://www.buhlerbitter.com",
      "dealertype": "DealerCom",
      "region": "Northeast"
    },

    //Ram
    {
      "make": "Ram",
      "name": "Sansone Jeep",
      "url": "https://www.sansonejeep.net",
      "dealertype": "DealerCom",
      "region": "Northeast"
    },
    {
      "make": "Ram",
      "name": "Route 18 Auto",
      "url": "https://www.rt18cjdr.com",
      "dealertype": "DealerCom",
      "region": "Northeast"
    },
    {
      "make": "Ram",
      "name": "Buhler Hazlet",
      "url": "https://www.buhlerbitter.com",
      "dealertype": "DealerCom",
      "region": "Northeast"
    },

    //Cadillac
    {
      "make": "Cadillac",
      "name": "Ramey Auto Group",
      "url": "https://www.rameycars.com",
      "dealertype": "DealerCom",
      "region": "Southeast"
    },
    {
      "make": "Cadillac",
      "name": "Sonic Automotive",
      "url": "https://www.sonicautomotive.com",
      "dealertype": "DealerCom",
      "region": "All"
    },

    //Volvo
    {
      "make": "Volvo",
      "name": "Beyer Volvo Cars of Falls Church",
      "url": "https://www.fallschurchdonbeyervolvo.com",
      "dealertype": "DealerCom",
      "region": "Southeast"
    },
    {
      "make": "Volvo",
      "name": "Beyer Volvo Cars of Dulles",
      "url": "https://www.dullesdonbeyervolvo.com",
      "dealertype": "DealerCom",
      "region": "Southeast"
    },
    {
      "make": "Volvo",
      "name": "Beyer Volvo Cars of Winchester",
      "url": "https://www.winchesterdonbeyervolvo.com",
      "dealertype": "DealerCom",
      "region": "Southeast"
    },
    {
      "make": "Volvo",
      "name": "Open Road Volvo Cars Edison",
      "url": "https://www.openroadvolvocarsedison.com",
      "dealertype": "DealerCom",
      "region": "Northeast"
    },
    {
      "make": "Volvo",
      "name": "Volvo Cars Bridgewater",
      "url": "https://www.volvocarsbridgewater.com",
      "dealertype": "DealerCom",
      "region": "Northeast"
    },
    {
      "make": "Volvo",
      "name": "Smythe Volvo Cars",
      "url": "https://www.smythevolvocars.com",
      "dealertype": "DealerCom",
      "region": "Northeast"
    },
    {
      "make": "Volvo",
      "name": "Volvo Cars Manhattan",
      "url": "https://www.volvocarsmanhattan.com",
      "dealertype": "DealerCom",
      "region": "Northeast"
    },
    {
      "make": "Volvo",
      "name": "Volvo Cars of Queens",
      "url": "https://www.volvocarsofqueens.com",
      "dealertype": "DealerCom",
      "region": "Northeast"
    },
    {
      "make": "Volvo",
      "name": "Karp Volvo Cars",
      "url": "https://www.karpvolvocars.com",
      "dealertype": "DealerCom",
      "region": "Northeast"
    },
    {
      "make": "Volvo",
      "name": "Volvo Cars of Huntington",
      "url": "https://www.volvocarsofhuntington.com",
      "dealertype": "DealerCom",
      "region": "Northeast"
    },
    {
      "make": "Volvo",
      "name": "Deel Volvo",
      "url": "https://www.deelvolvocars.com",
      "dealertype": "DealerCom",
      "region": "Southeast"
    },
    {
      "make": "Volvo",
      "name": "Gunther Volvo Coconut Creek",
      "url": "https://www.gunthervolvocars.net",
      "dealertype": "DealerCom",
      "region": "Southeast"
    },
    {
      "make": "Volvo",
      "name": "Gunther Volvo Delray Beach",
      "url": "https://www.gunthervolvo.com",
      "dealertype": "DealerCom",
      "region": "Southeast"
    },
    {
      "make": "Volvo",
      "name": "McGrath Volvo of Fort Myers",
      "url": "https://www.mcgrathvolvocarsoffortmyers.com",
      "dealertype": "DealerCom",
      "region": "Southeast"
    },
    {
      "make": "Volvo",
      "name": "Schumacher Volvo Cars of the Palm Beaches",
      "url": "https://www.volvoofthepalmbeaches.com",
      "dealertype": "DealerCom",
      "region": "Southeast"
    },
    {
      "make": "Volvo",
      "name": "Weston Volvo",
      "url": "https://www.westonvolvocars.com",
      "dealertype": "DealerCom",
      "region": "Southeast"
    },
    {
      "make": "Volvo",
      "name": "Volvo Cars of Naples",
      "url": "https://www.volvocarsofnaples.com",
      "dealertype": "DealerCom",
      "region": "Southeast"
    },
    {
      "make": "Volvo",
      "name": "Volvo Cars North Miami",
      "url": "https://www.volvocarsnorthmiami.com",
      "dealertype": "DealerCom",
      "region": "Southeast"
    },
    {
      "make": "Volvo",
      "name": "Volvo Cars Pensacola",
      "url": "https://www.volvocarspensacola.com/",
      "dealertype": "DealerCom",
      "region": "Southeast"
    },
    {
      "make": "Volvo",
      "name": "Capital Volvo",
      "url": "https://www.capital-volvo.com",
      "dealertype": "DealerCom",
      "region": "Southeast"
    },
    {
      "make": "Volvo",
      "name": "O’Steen Volvo Cars of Jacksonville",
      "url": "https://www.osteenvolvo.com",
      "dealertype": "DealerCom",
      "region": "Southeast"
    },
    {
      "make": "Volvo",
      "name": "Volvo of Ocala",
      "url": "https://www.volvoofocala.com",
      "dealertype": "DealerCom",
      "region": "Southeast"
    },
    {
      "make": "Volvo",
      "name": "Gunther Volvo Cars Daytona Beach ",
      "url": "https://www.gunthervolvocarsdaytona.com",
      "dealertype": "DealerCom",
      "region": "Southeast"
    },
    {
      "make": "Volvo",
      "name": "The Volvo Store",
      "url": "https://www.volvowinterpark.com",
      "dealertype": "DealerCom",
      "region": "Southeast"
    },
    {
      "make": "Volvo",
      "name": "Volvo Cars Melbourne",
      "url": "https://www.volvocarsmelbourne.com",
      "dealertype": "DealerCom",
      "region": "Southeast"
    },
    {
      "make": "Volvo",
      "name": "Ferman Volvo Cars of Tarpon Springs",
      "url": "https://www.fermanvolvotarponsprings.com",
      "dealertype": "DealerCom",
      "region": "Southeast"
    },
    {
      "make": "Volvo",
      "name": "Volvo Cars Tampa",
      "url": "https://www.volvocarstampa.com",
      "dealertype": "DealerCom",
      "region": "Southeast"
    },
    {
      "make": "Volvo",
      "name": "Crown Volvo Cars",
      "url": "https://www.crownvolvocarsfl.com",
      "dealertype": "DealerCom",
      "region": "Southeast"
    },
    {
      "make": "Volvo",
      "name": "Volvo Cars Sarasota",
      "url": "https://www.volvoofsarasota.com",
      "dealertype": "DealerCom",
      "region": "Southeast"
    },
    {
      "make": "Volvo",
      "name": "Wallace Volvo Cars",
      "url": "https://www.wallacevolvocars.com",
      "dealertype": "DealerCom",
      "region": "Southeast"
    },

    //TODO:to parse this dealer, need to implement wait until all elements are set by dynamic scripts before accessing HTML. Main group (Koons) site can then also be used to get the car data for many makes
    //{
    //  "make": "Volvo",
    //  "name": "Volvo Cars Owings Mills",
    //  "url": "https://www.volvocarsowingsmills.com",
    //  "dealertype": "DealerCom"
    //},

    //Acura
    {
      "make": "Acura",
      "name": "Sonic Automotive",
      "url": "https://www.sonicautomotive.com",
      "dealertype": "DealerCom",
      "region": "All"
    },
    {
      "make": "Acura",
      "name": "Crest Acura",
      "url": "https://www.crestacura.com",
      "dealertype": "DealerCom",
      "region": "Northeast"
    },
    {
      "make": "Acura",
      "name": "Acura Hunt Valley",
      "url": "https://www.acurahuntvalley.com",
      "dealertype": "DealerCom",
      "region": "Northeast"
    },
    {
      "make": "Acura",
      "name": "MotorWorld Acura",
      "url": "https://www.motorworldacura.com",
      "dealertype": "DealerCom",
      "region": "Northeast"
    },

    //Genesis
    {
      "make": "Genesis",
      "name": "Genesis of North Plainfield",
      "url": "https://www.genesisofnorthplainfield.com",
      "dealertype": "DealerCom",
      "region": "Northeast"
    },

    {
      "make": "Genesis",
      "name": "Genesis of South Brunswick",
      "url": "https://www.genesissouthbrunswick.com",
      "dealertype": "DealerCom",
      "region": "Northeast"
    },

    {
      "make": "Genesis",
      "name": "Genesis of Woodbridge",
      "url": "https://www.genesisofwoodbridgenj.com",
      "dealertype": "DealerCom",
      "region": "Northeast"
    },

    {
      "make": "Genesis",
      "name": "Genesis of Brooklyn",
      "url": "https://www.brooklyn-genesis.com",
      "dealertype": "DealerCom",
      "region": "Northeast"
    },

    {
      "make": "Genesis",
      "name": "Genesis of the North Shore",
      "url": "https://www.genesisofthenorthshore.com",
      "dealertype": "DealerCom",
      "region": "Northeast"
    },

    {
      "make": "Genesis",
      "name": "Genesis of Freehold",
      "url": "https://www.genesisoffreehold.com",
      "dealertype": "DealerCom",
      "region": "Northeast"
    },

    {
      "make": "Genesis",
      "name": "Genesis of Wayne",
      "url": "https://www.genesisofwayne.com",
      "dealertype": "DealerCom",
      "region": "Northeast"
    },

    //BMW
    {
      "make": "BMW",
      "name": "Beverly Hills BMW",
      "url": "https://www.bmwofbeverlyhills.com",
      "customurl": "https://www.bmwofbeverlyhills.com/new-bmw/los-angeles.htm?model={0}",
      "dealertype": "DealerCom",
      "region": "West"
    },
    {
      "make": "BMW",
      "name": "Santa Monica BMW",
      "url": "https://www.smbmw.com",
      "dealertype": "DealerCom",
      "region": "West"
    },
    {
      "make": "BMW",
      "name": "Nick Alexander BMW",
      "url": "https://www.alexanderbmw.com",
      "dealertype": "DealerCom",
      "region": "West"
    },
    {
      "make": "BMW",
      "name": "Center BMW",
      "url": "https://www.centerbmw.com",
      "dealertype": "DealerCom",
      "region": "West"
    },
    {
      "make": "BMW",
      "name": "South Bay BMW",
      "url": "https://www.southbaybmw.com",
      "dealertype": "DealerCom",
      "region": "West"
    },
    {
      "make": "BMW",
      "name": "McKenna BMW",
      "url": "https://www.mckennabmw.com",
      "dealertype": "DealerCom",
      "region": "West"
    },
    {
      "make": "BMW",
      "name": "Long Beach BMW",
      "url": "https://www.longbeachbmw.com",
      "customurl": "https://www.longbeachbmw.com/new-bmw/long-beach.htm?model={0}", //website change their parameter from superModel to model
      "dealertype": "DealerCom",
      "region": "West"
    },
    {
      "make": "BMW",
      "name": "BMW of Monrovia",
      "url": "https://www.bmwofmonrovia.net",
      "customurl": "https://www.bmwofmonrovia.net/new-bmw/monrovia.htm?model={0}",
      "dealertype": "DealerCom",
      "region": "West"
    },
    {
      "make": "BMW",
      "name": "BMW of Buena Park",
      "url": "https://www.bmwbuenapark.com",
      "dealertype": "DealerCom",
      "region": "West"
    },
    {
      "make": "BMW",
      "name": "Valencia BMW",
      "url": "https://www.valenciabmw.com",
      "dealertype": "DealerCom",
      "region": "West"
    },
    {
      "make": "BMW",
      "name": "Sterling BMW of Newport Beach",
      "url": "https://www.sterlingbmw.com",
      "customurl": "https://www.sterlingbmw.com/new-inventory/pageSizeChange/1/10/~/VehicleType_~Model_{0}~Trim_~Year_~Price1_~TransmissionGeneric_~ExteriorColorGeneric_~InteriorColor_~EPAHighway_/~/100", //this changed too, last 100 is results per page
      "dealertype": "DealerCom",
      "region": "West"
    },
    {
      "make": "BMW",
      "name": "Steve Thomas BMW",
      "url": "https://www.stevethomasbmw.com",
      "dealertype": "DealerCom",
      "region": "West"
    },
    {
      "make": "BMW",
      "name": "Irvine BMW",
      "url": "https://www.irvinebmw.com",
      "dealertype": "DealerCom",
      "region": "West"
    },
    {
      "make": "BMW",
      "name": "BMW of Riverside",
      "url": "https://www.bmwofriverside.com",
      "dealertype": "DealerCom",
      "region": "West"
    },
    {
      "make": "BMW",
      "name": "BMW of Vista",
      "url": "https://www.bmwofvista.com",
      "dealertype": "DealerCom",
      "region": "West"
    },
    {
      "make": "BMW",
      "name": "BMW Encinitas",
      "url": "https://www.bmwencinitas.com",
      "dealertype": "DealerCom",
      "region": "West"
    },
    {
      "make": "BMW",
      "name": "BMW of Santa Maria",
      "url": "https://www.bmwsm.com",
      "dealertype": "DealerCom",
      "region": "West"
    },
    {
      "make": "BMW",
      "name": "BMW of Visalia",
      "url": "https://www.bmwofvisalia.com",
      "dealertype": "DealerCom",
      "region": "West"
    },
    {
      "make": "BMW",
      "name": "BMW of Monterey",
      "url": "https://www.bmwmonterey.com",
      "dealertype": "DealerCom",
      "region": "West"
    },

    //Mercedes-Benz
    {
      "make": "Mercedes-Benz",
      "name": "Euro Bethesda Mercedes-Benz",
      "url": "https://www.eurobethesdamercedes.com",
      "dealertype": "DealerCom",
      "region": "Northeast"
    },

    //hyundai
    {
      "make": "Hyundai",
      "name": "Sansone Hyundai",
      "url": "https://www.sansoneshyundai.com",
      "dealertype": "DealerCom",
      "region": "Northeast"
    },
    {
      "make": "Hyundai",
      "name": "Island Hyundai",
      "url": "https://www.myislandhyundai.com",
      "dealertype": "DealerCom",
      "region": "Northeast"
    },
    {
      "make": "Hyundai",
      "name": "Circle Hyundai",
      "url": "https://www.circlehyundai.com",
      "dealertype": "DealerCom",
      "region": "Northeast"
    },
    {
      "make": "Hyundai",
      "name": "Global Hyundai",
      "url": "https://www.globalhyundainj.com",
      "dealertype": "DealerCom",
      "region": "Northeast"
    },
    {
      "make": "Hyundai",
      "name": "Freehold Hyundai",
      "url": "https://www.freeholdhyundai.com",
      "dealertype": "DealerCom",
      "region": "Northeast"
    },
    {
      "make": "Hyundai",
      "name": "Bay Ridge Hyundai",
      "url": "https://www.bayridgehyundai.com",
      "dealertype": "DealerCom",
      "region": "Northeast"
    },
    {
      "make": "Hyundai",
      "name": "Hudson Hyundai",
      "url": "https://www.hudsonhyundai.com",
      "dealertype": "DealerCom",
      "region": "Northeast"
    },
    {
      "make": "Hyundai",
      "name": "Lynnes Hyundai",
      "url": "https://www.lynneshyundai.com",
      "dealertype": "DealerCom",
      "region": "Northeast"
    },
    {
      "make": "Hyundai",
      "name": "South Shore Hyundai",
      "url": "https://www.southshorehyundai.com",
      "dealertype": "DealerCom",
      "region": "Northeast"
    },
    //Audi
    {
      "make": "Audi",
      "name": "Bell Audi",
      "url": "https://www.bellaudi.com",
      "dealertype": "DealerCom",
      "region": "Northeast"
    },
    {
      "make": "Audi",
      "name": "Audi Eatontown",
      "url": "https://www.audieatontown.com",
      "dealertype": "DealerCom",
      "region": "Northeast"
    },
    {
      "make": "Audi",
      "name": "Audi Freehold",
      "url": "https://www.audifreehold.com",
      "dealertype": "DealerCom",
      "region": "Northeast"
    },
    {
      "make": "Audi",
      "name": "Audi Princeton",
      "url": "https://www.audiprinceton.com",
      "dealertype": "DealerCom",
      "region": "Northeast"
    },
    {
      "make": "Audi",
      "name": "Audi Bridgewater",
      "url": "https://www.audibridgewater.com",
      "dealertype": "DealerCom",
      "region": "Northeast"
    },
    {
      "make": "Audi",
      "name": "DCH Millburn Audi",
      "url": "https://www.dchmillburnaudi.com",
      "dealertype": "DealerCom",
      "region": "Northeast"
    },
    {
      "make": "Audi",
      "name": "Audi Mendham",
      "url": "https://www.mendhamaudi.com",
      "dealertype": "DealerCom",
      "region": "Northeast"
    },
    {
      "make": "Audi",
      "name": "Jack Daniels Audi of Paramus",
      "url": "https://www.jackdanielsparamusaudi.com",
      "dealertype": "DealerCom",
      "region": "Northeast"
    },
    {
      "make": "Audi",
      "name": "Town Audi",
      "url": "https://www.townaudiofenglewood.com",
      "dealertype": "DealerCom",
      "region": "Northeast"
    },
    {
      "make": "Audi",
      "name": "Audi Brooklyn",
      "url": "https://www.audibrooklyn.com",
      "dealertype": "DealerCom",
      "region": "Northeast"
    },
    {
      "make": "Audi",
      "name": "Biener Audi",
      "url": "https://www.bieneraudi.com",
      "dealertype": "DealerCom",
      "region": "Northeast"
    },
    {
      "make": "Audi",
      "name": "Audi of Huntington",
      "url": "https://www.audiofhuntington.com",
      "dealertype": "DealerCom",
      "region": "Northeast"
    },
    {
      "make": "Audi",
      "name": "Audi Reading",
      "url": "https://www.audireading.com",
      "dealertype": "DealerCom",
      "region": "Northeast"
    },
    {
      "make": "Audi",
      "name": "Audi Allentown",
      "url": "https://www.audiallentown.com",
      "dealertype": "DealerCom",
      "region": "Northeast"
    },
    {
      "make": "Audi",
      "name": "Audi Warrington",
      "url": "https://www.audiwarrington.com",
      "dealertype": "DealerCom",
      "region": "Northeast"
    },
    {
      "make": "Audi",
      "name": "Flemington Audi",
      "url": "https://www.flemingtonaudi.com",
      "dealertype": "DealerCom",
      "region": "Northeast"
    },
    {
      "make": "Audi",
      "name": "Audi Newton",
      "url": "https://www.audinewton.com",
      "dealertype": "DealerCom",
      "region": "Northeast"
    },
    {
      "make": "Audi",
      "name": "Audi Fort Washington",
      "url": "https://www.audifortwashington.com",
      "dealertype": "DealerCom",
      "region": "Northeast"
    },
    {
      "make": "Audi",
      "name": "Audi Wynnewood",
      "url": "https://www.audiwynnewood.com",
      "dealertype": "DealerCom",
      "region": "Northeast"
    },
    {
      "make": "Audi",
      "name": "Audi Devon",
      "url": "https://www.audidevon.com",
      "dealertype": "DealerCom",
      "region": "Northeast"
    },
    {
      "make": "Audi",
      "name": "Audi West Chester",
      "url": "https://www.audiwestchester.com",
      "dealertype": "DealerCom",
      "region": "Northeast"
    },
    //doesn't work with standard RowSelectors
    //{
    //  "make": "Audi",
    //  "name": "Audi Lancaster",
    //  "url": "https://www.lancasteraudipa.com",
    //  "dealertype": "DealerCom",
    //},
    {
      "make": "Audi",
      "name": "Fiore Audi",
      "url": "https://www.fioreaudi.com",
      "dealertype": "DealerCom",
      "region": "Northeast"
    },
    {
      "make": "Audi",
      "name": "Audi State College",
      "url": "https://www.audistatecollege.com",
      "dealertype": "DealerCom",
      "region": "Northeast"
    },
    {
      "make": "Audi",
      "name": "Audi Mechanicsburg",
      "url": "https://www.mechanicsburgaudipa.com",
      "dealertype": "DealerCom",
      "region": "Northeast"
    },
    {
      "make": "Audi",
      "name": "Audi Hunt Valley",
      "url": "https://www.audihuntvalley.com",
      "dealertype": "DealerCom",
      "region": "Northeast"
    },
    {
      "make": "Audi",
      "name": "Audi Wyoming Valley",
      "url": "https://www.audiwyomingvalley.com",
      "dealertype": "DealerCom",
      "region": "Northeast"
    },
    {
      "make": "Audi",
      "name": "Jack Daniels Audi of Upper Saddle River",
      "url": "https://www.jackdanielsusraudi.com",
      "dealertype": "DealerCom",
      "region": "Northeast"
    },
    {
      "make": "Audi",
      "name": "Audi Greenwich",
      "url": "https://www.audigreenwich.com",
      "dealertype": "DealerCom",
      "region": "Northeast"
    },
    {
      "make": "Audi",
      "name": "Audi Hawthorne",
      "url": "https://www.audihawthorne.com",
      "dealertype": "DealerCom",
      "region": "Northeast"
    },
    {
      "make": "Audi",
      "name": "Mohegan Lake Audi",
      "url": "https://www.moheganlakeaudi.com",
      "dealertype": "DealerCom",
      "region": "Northeast"
    },

    //Honda
    {
      "make": "Honda",
      "name": "Miller Auto Team Honda",
      "url": "https://www.millerhondany.com",
      "dealertype": "DealerCom",
      "region": "Northeast"
    },
    {
      "make": "Honda",
      "name": "DHC Gardena Honda",
      "url": "https://www.gardenahonda.com",
      "dealertype": "DealerCom",
      "region": "West"
    },
    {
      "make": "Honda",
      "name": "Honda of Concord",
      "url": "https://www.hondaofconcord.com",
      "dealertype": "DealerCom",
      "region": "Southeast"
    },
    {
      "make": "Honda",
      "name": "Flow Honda In Winston-Salem",
      "url": "https://www.flowhondawinstonsalem.com",
      "dealertype": "DealerCom",
      "region": "Southeast"
    },
    {
      "make": "Honda",
      "name": "Lithia Motors",
      "url": "https://www.lithia.com",
      "dealertype": "DealerCom",
      "region": "Northeast"
    },
    {
      "make": "Honda",
      "name": "Honda of Burlington",
      "url": "https://www.herbchambershondaofburlington.com",
      "dealertype": "DealerCom",
      "region": "Northeast"
    },
    {
      "make": "Honda",
      "name": "Honda of Annapolis",
      "url": "https://www.hondaofannapolis.com",
      "dealertype": "DealerCom",
      "region": "Northeast"
    },
    {
      "make": "Honda",
      "name": "AutoNation Honda Dulles",
      "url": "https://www.autonationhondadulles.com",
      "dealertype": "DealerCom",
      "region": "Northeast"
    },
    {
      "make": "Honda",
      "name": "Burleson Honda",
      "url": "https://www.burlesonhonda.com",
      "dealertype": "DealerCom",
      "region": "Southwest"
    },
    {
      "make": "Honda",
      "name": "Heritage Honda Bel Air",
      "url": "https://www.heritagehondabelair.com",
      "dealertype": "DealerCom",
      "region": "Northeast"
    },
    {
      "make": "Honda",
      "name": "Economy Honda Superstore",
      "url": "https://www.economyhonda.com",
      "dealertype": "DealerCom",
      "region": "Southeast"
    },
    {
      "make": "Honda",
      "name": "Honda of Irving",
      "url": "https://www.mcdavidhondairving.com",
      "dealertype": "DealerCom",
      "region": "Southeast"
    },

    //Land Rover
    {
      "make": "Land Rover",
      "name": "Land Rover Chantilly",
      "url": "https://www.landroverchantilly.com",
      "dealertype": "DealerCom",
      "region": "Southeast"
    },
    {
      "make": "Land Rover",
      "name": "Land Rover Sacramento",
      "url": "https://saclandrover.niello.com",
      "dealertype": "DealerCom",
      "region": "West"
    },
    {
      "make": "Land Rover",
      "name": "Land Rover Peabody",
      "url": "https://www.roverpeabody.com",
      "dealertype": "DealerCom",
      "region": "Northeast"
    },
    {
      "make": "Land Rover",
      "name": "Land Rover Northfield",
      "url": "https://www.landrovernorthfield.com",
      "dealertype": "DealerCom",
      "region": "Midwest"
    },
    {
      "make": "Land Rover",
      "name": "Land Rover Cerritos",
      "url": "https://www.landrovercerritos.com",
      "dealertype": "DealerCom",
      "region": "West"
    },
    {
      "make": "Land Rover",
      "name": "Land Rover El Paso",
      "url": "https://www.landroverelpasotx.com",
      "dealertype": "DealerCom",
      "region": "Southwest"
    },
    {
      "make": "Land Rover",
      "name": "Land Rover Roaring Fork",
      "url": "https://www.landroverroaringfork.com",
      "dealertype": "DealerCom",
      "region": "West"
    },

    //Mercedes-Benz
    {
      "make": "Mercedes-Benz",
      "name": "Euro Motorcars Germantown",
      "url": "https://www.eurogermantownmercedes.com",
      "dealertype": "DealerCom",
      "region": "Northeast"
    },
    {
      "make": "Mercedes-Benz",
      "name": "Euro Motorcars Devon",
      "url": "https://www.mbofdevon.com",
      "dealertype": "DealerCom",
      "region": "Northeast"
    },
    {
      "make": "Mercedes-Benz",
      "name": "Mercedes-Benz of Huntsville",
      "url": "https://www.mbhsv.com",
      "dealertype": "DealerCom",
      "region": "Southeast"
    },
    {
      "make": "Mercedes-Benz",
      "name": "Mercedes-Benz of Memphis",
      "url": "https://www.mbofmemphis.com",
      "dealertype": "DealerCom",
      "region": "Southeast"
    },
    {
      "make": "Mercedes-Benz",
      "name": "Tom Masano Mercedes-Benz",
      "url": "https://www.masano.mercedesdealer.com",
      "dealertype": "DealerCom",
      "region": "Northeast"
    },
    {
      "make": "Mercedes-Benz",
      "name": "Bobby Rahal Motorcar Company",
      "url": "https://www.bobbyrahalmotorcar.com",
      "dealertype": "DealerCom",
      "region": "Northeast"
    },
    {
      "make": "Mercedes-Benz",
      "name": "Mercedes-Benz of Marietta",
      "url": "https://www.mbmarietta.com",
      "dealertype": "DealerCom",
      "region": "Southeast"
    },
    {
      "make": "Mercedes-Benz",
      "name": "Flagship Motorcars of Lynnfield",
      "url": "https://www.flagshipmotorcars.com",
      "dealertype": "DealerCom",
      "region": "Northeast"
    },
    {
      "make": "Mercedes-Benz",
      "name": "Knauz Autopark",
      "url": "https://www.knauz.com",
      "dealertype": "DealerCom",
      "region": "Midwest"
    },
    {
      "make": "Mercedes-Benz",
      "name": "Critz Mercedes-Benz",
      "url": "https://www.critz.com",
      "dealertype": "DealerCom",
      "region": "Southeast"
    },



    //***************************** CustomCaddy ************************************************
    {
      "make": "Cadillac",
      "name": "Fred Beans Cadillac",
      "url": "https://www.fredbeanscadillac.com",
      "dealertype": "CustomCaddy",
      "region": "Northeast"
    },
    {
      "make": "Cadillac",
      "name": "Star Cadillac",
      "url": "https://www.starcadillac.com",
      "dealertype": "CustomCaddy",
      "region": "Northeast"
    },
    {
      "make": "Cadillac",
      "name": "Kutztown Cadillac",
      "url": "https://www.kutztowncadillac.com",
      "dealertype": "CustomCaddy",
      "region": "Northeast"
    },
    {
      "make": "Cadillac",
      "name": "Faulkner Cadillac Bethlehem",
      "url": "https://www.cadillacoflehighvalley.com",
      "dealertype": "CustomCaddy",
      "region": "Northeast"
    },
    {
      "make": "Cadillac",
      "name": "Open Road Cadillac",
      "url": "https://www.morristowncadillac.com",
      "dealertype": "CustomCaddy",
      "region": "Northeast"
    },
    {
      "make": "Cadillac",
      "name": "Gold Coast Cadillac",
      "url": "https://www.goldcoastcadillac.com",
      "dealertype": "CustomCaddy",
      "region": "Northeast"
    },
    {
      "make": "Cadillac",
      "name": "Coleman Cadillac",
      "url": "https://www.colemancadillacnj.com",
      "dealertype": "CustomCaddy",
      "region": "Northeast"
    },
    {
      "make": "Cadillac",
      "name": "Malouf Cadillac",
      "url": "https://www.maloufcadillaccars.com",
      "dealertype": "CustomCaddy",
      "region": "Northeast"
    },
    {
      "make": "Cadillac",
      "name": "Brogan Cadillac of Totowa",
      "url": "https://www.brogancadillac.com",
      "dealertype": "CustomCaddy",
      "region": "Northeast"
    },
    {
      "make": "Cadillac",
      "name": "Pine Belt Cadillac",
      "url": "https://www.pinebeltcadillac.com",
      "dealertype": "CustomCaddy",
      "region": "Northeast"
    },
    {
      "make": "Cadillac",
      "name": "Faulkner Cadillac Trevose",
      "url": "https://www.faulknercadillactrevose.com",
      "dealertype": "CustomCaddy",
      "region": "Northeast"
    },
    {
      "make": "Cadillac",
      "name": "Grand Prize Cadillac",
      "url": "https://www.grandprizecadillac.com",
      "dealertype": "CustomCaddy",
      "region": "Northeast"
    },
    {
      "make": "Cadillac",
      "name": "Matthews Cadillac",
      "url": "https://www.matthewscadillac.com",
      "dealertype": "CustomCaddy",
      "region": "Northeast"
    },
    {
      "make": "Cadillac",
      "name": "King O'Rourke Cadillac",
      "url": "https://www.kingorourkecadillac.com",
      "dealertype": "CustomCaddy",
      "region": "Northeast"
    },
    {
      "make": "Cadillac",
      "name": "Faulkner Cadillac Mechanicsburg",
      "url": "https://www.faulknercadillacmechanicsburg.com",
      "dealertype": "CustomCaddy",
      "region": "Northeast"
    },
    {
      "make": "Cadillac",
      "name": "Edwards Cadillac",
      "url": "https://www.edwardscadillac.com",
      "dealertype": "CustomCaddy",
      "region": "Northeast"
    },
    {
      "make": "Cadillac",
      "name": "Fremont Cadillac",
      "url": "https://www.fremontcadillac.com",
      "dealertype": "CustomCaddy",
      "region": "West"
    },
    {
      "make": "Cadillac",
      "name": "Diamond Cadillac",
      "url": "https://www.choosediamondcadillac.com",
      "dealertype": "CustomCaddy",
      "region": "Northeast"
    },
    {
      "make": "Cadillac",
      "name": "Lockhart Cadillac",
      "url": "https://www.greenwoodcadillac.com",
      "dealertype": "CustomCaddy",
      "region": "Midwest"
    },
    {
      "make": "Cadillac",
      "name": "Burke Cadillac",
      "url": "https://www.burkecadillac.com",
      "dealertype": "CustomCaddy",
      "region": "Northeast"
    },
    {
      "make": "Cadillac",
      "name": "Trent Cadillac",
      "url": "https://www.trentcadillac.com",
      "dealertype": "CustomCaddy",
      "region": "Southeast"
    },
    {
      "make": "Cadillac",
      "name": "Reliable Cadillac",
      "url": "https://www.reliable-cadillac.com",
      "dealertype": "CustomCaddy",
      "region": "West"
    },
    {
      "make": "Cadillac",
      "name": "Brotherton Cadillac",
      "url": "https://www.brothertoncadillac.com",
      "dealertype": "CustomCaddy",
      "region": "West"
    },
    {
      "make": "Cadillac",
      "name": "Miller Brothers Cadillac",
      "url": "http://www.millerbrotherscadillac.com",
      "dealertype": "CustomCaddy",
      "region": "Northeast"
    }




  ]
}

//{
    //  "make": "BMW",
    //  "name": "Circle BMW",
    //  "url": "https://www.circlebmw.com",
    //  "dealertype": "DealerInspire"
    //},
